<?xml version="1.0" encoding="utf-8"?>
<Installation><OID>cfa094ff-ca08-4760-bd19-08f828ab4167</OID><DBVersion>2.3</DBVersion><Version>1.0</Version><Modified>2003-11-28T10:42:29.611+10:30</Modified><Project><OID>eaa72770-0937-1027-830e-a7cec7747c9a</OID><TagName>HOME</TagName><Address>HOME</Address><Description>C-Bus project imported from version 2 of the Installation software</Description><Network><OID>78d831af-041f-4c7f-a962-688b3df10cd5</OID><TagName>Local Network</TagName><Address>254</Address><Description>17479</Description><NetworkNumber>254</NetworkNumber><Interface><OID>d3597b3c-5ba6-4f39-9c52-cc146a805121</OID><InterfaceType>serial</InterfaceType><InterfaceAddress>COM1</InterfaceAddress></Interface><Application><OID>74fe11f6-a05b-4283-9472-ed7dea61afa5</OID><TagName>Trigger Control</TagName><Address>202</Address><Group><OID>a9b18ecc-bd75-4ad6-a5c8-c41aad3f147e</OID><TagName>1st Flr - Work Scene</TagName><Address>248</Address></Group><Group><OID>c843db93-e5c4-474a-abcc-78a12d3a6894</OID><TagName>1st Flr AllOff Scene</TagName><Address>251</Address></Group><Group><OID>6becc780-3472-42b3-9971-0211a29ec394</OID><TagName>1st Flr AllOn Scene</TagName><Address>249</Address></Group><Group><OID>63259385-8f14-4785-aaa3-c68f637a6d9a</OID><TagName>1st Flr RomanceScene</TagName><Address>250</Address></Group><Group><OID>a39d457e-0cdb-46ab-ae33-c4523f8b581e</OID><TagName>AV select button</TagName><Address>92</Address></Group><Group><OID>cff72d14-7cfe-4248-8e7c-2e62b6f484bc</OID><TagName>CHANNEL 0 button</TagName><Address>80</Address></Group><Group><OID>3f41200f-0416-4658-846f-adbc199797a3</OID><TagName>CHANNEL 1 button</TagName><Address>78</Address></Group><Group><OID>438db7d0-a8bb-4185-b234-594a21be15d7</OID><TagName>CHANNEL 5 button</TagName><Address>79</Address></Group><Group><OID>d3491b94-406d-456a-a911-a9658043cab2</OID><TagName>CHANNEL DN button</TagName><Address>90</Address></Group><Group><OID>271338e1-9042-4330-aad9-d22f24b725f5</OID><TagName>CHANNEL UP button</TagName><Address>89</Address></Group><Group><OID>531cd527-c7eb-4f94-91d1-ed2928d2d116</OID><TagName>DVD OFF button</TagName><Address>94</Address></Group><Group><OID>70738351-02e2-409b-8271-693cbd547a77</OID><TagName>DVD ON button</TagName><Address>93</Address></Group><Group><OID>3ba62ea4-a404-4974-9b8c-85fddbf677f2</OID><TagName>FFWD button</TagName><Address>99</Address></Group><Group><OID>4f74d75b-0e02-4165-bc1a-7630301ca70b</OID><TagName>GND Flr AllOff Scene</TagName><Address>231</Address></Group><Group><OID>3265d2c5-c197-4a9a-aa3e-e4af877efca3</OID><TagName>GND Flr AllOn Scene</TagName><Address>228</Address></Group><Group><OID>4ef09d8d-6c93-484d-808e-adcecf7f2341</OID><TagName>GND Flr Away Scene</TagName><Address>230</Address></Group><Group><OID>64c1124b-f053-4410-a8a9-de24b847552c</OID><TagName>GND Flr Movie Scene</TagName><Address>229</Address></Group><Group><OID>cbf3bb54-20cd-48bd-b3aa-fecb164f4e1a</OID><TagName>Mailbox</TagName><Address>85</Address></Group><Group><OID>02cd42e7-c8a6-48c5-af18-3708eacade0f</OID><TagName>MUTE button</TagName><Address>91</Address></Group><Group><OID>540ed81f-f742-4bcf-bea3-2f5d92073f8a</OID><TagName>PAUSE button</TagName><Address>97</Address></Group><Group><OID>5af6f5cb-86e7-4bef-a707-6f3935b61702</OID><TagName>PLAY button</TagName><Address>95</Address></Group><Group><OID>bdc320f4-99bb-47be-8234-ea00a8355307</OID><TagName>REW button</TagName><Address>98</Address></Group><Group><OID>2b18a7b1-68ba-4588-8bda-6a90b2220b0b</OID><TagName>Smoke Alarm Signal</TagName><Address>86</Address></Group><Group><OID>cd847355-6eee-4ac1-9e12-6d228856f68c</OID><TagName>Sprinkler 1</TagName><Address>112</Address></Group><Group><OID>f26c8cda-e7f5-4553-8bed-000408a87020</OID><TagName>STOP button</TagName><Address>96</Address></Group><Group><OID>3fd82195-bcca-469a-851f-c9e3effc70d1</OID><TagName>TV OFF button</TagName><Address>84</Address></Group><Group><OID>cdcf3af1-3abf-4238-a227-db26deb22a5a</OID><TagName>TV ON button</TagName><Address>83</Address></Group><Group><OID>306d34da-81e9-4318-9cde-b362126c44cf</OID><TagName>TV PWR ON/OFF button</TagName><Address>82</Address></Group><Group><OID>e6f3f879-f234-4981-a07d-b6248b0ca462</OID><TagName>VCR FFWD button</TagName><Address>70</Address></Group><Group><OID>9f42429a-0e2a-4e62-9457-333c89013ec0</OID><TagName>VCR PAUSE button</TagName><Address>69</Address></Group><Group><OID>20f9fdbc-8e24-4b3f-93ac-ee81eee3e1e4</OID><TagName>VCR PLAY button</TagName><Address>73</Address></Group><Group><OID>c6e01fac-9c39-47e1-a865-96a137c108db</OID><TagName>VCR POWER button</TagName><Address>74</Address></Group><Group><OID>a06ce42f-d0db-42f8-a360-4f682d50c9c1</OID><TagName>VCR REW button</TagName><Address>71</Address></Group><Group><OID>4ec46e82-ae47-4c57-995f-6e428a4c7025</OID><TagName>VCR STOP button</TagName><Address>72</Address></Group><Group><OID>a5b0cc87-d4ef-4942-ad58-fca9a962227c</OID><TagName>VOLUME DN button</TagName><Address>88</Address></Group><Group><OID>4e30fba7-1113-486c-aab9-8ca4b0fc9682</OID><TagName>VOLUME UP button</TagName><Address>87</Address></Group><Group><OID>ee469550-0937-1027-830f-a7cec7747c9a</OID><TagName>&lt;Unused&gt;</TagName><Address>255</Address></Group></Application><Application><OID>07b244b8-066c-408a-baad-295cb7cd7207</OID><TagName>Enable Control</TagName><Address>203</Address><Group><OID>34c045ce-abf1-465b-a557-6aa862bbd23b</OID><TagName>Sprinkler 1 Schedule</TagName><Address>112</Address><Level Value="0"><OID>02674750-0942-1027-9b79-b60bc45a8988</OID><TagName>Disabled</TagName><Address>0</Address><TagsDLT/></Level><Level Value="255"><OID>083bbda0-0942-1027-9b7a-b60bc45a8988</OID><TagName>Enabled</TagName><Address>255</Address><TagsDLT/></Level></Group><Group><OID>ee60d410-0937-1027-8310-a7cec7747c9a</OID><TagName>&lt;Unused&gt;</TagName><Address>255</Address></Group></Application><Application><OID>5c76789b-cad0-4df4-87c3-4b7e0de47614</OID><TagName>Unused</TagName><Address>255</Address><Group><OID>f36a96a5-e779-49a8-9bdb-90db58354367</OID><TagName>&lt;Unused&gt;</TagName><Address>255</Address></Group></Application><Application><OID>904e5031-d316-4563-8766-1f4efad3d407</OID><TagName>Heating</TagName><Address>136</Address><Group><OID>142b87ed-51af-47f6-9764-59e14af036a4</OID><TagName>&lt;Unused&gt;</TagName><Address>255</Address></Group></Application><Application><OID>45705db9-041c-491c-a3c2-589b1985e6a8</OID><TagName>Lighting</TagName><Address>56</Address><Group><OID>a63f1e38-8c67-429d-ac20-488a1bfcdcba</OID><TagName>Basement Light 1</TagName><Address>208</Address></Group><Group><OID>836bdf3a-51f4-410f-b068-cb25a7944e20</OID><TagName>Basement Light 2</TagName><Address>209</Address></Group><Group><OID>64b1a3e7-d88d-4a04-84a8-822111fa165e</OID><TagName>Bathroom Exhaust Fan</TagName><Address>242</Address></Group><Group><OID>99edb9e6-d64e-4238-afc6-f909c1ed0ee4</OID><TagName>Bathroom Lights</TagName><Address>243</Address></Group><Group><OID>647e303a-732e-4849-ad21-ba84f9828518</OID><TagName>Bed 1 Light</TagName><Address>223</Address></Group><Group><OID>eeeb864c-1cfe-472b-a797-721bf42e07d7</OID><TagName>Bed 2 Light</TagName><Address>222</Address></Group><Group><OID>a79def2c-4c12-4146-b206-107509dbdd65</OID><TagName>Bedside 1</TagName><Address>238</Address></Group><Group><OID>c03c4c2a-82b8-4edc-be8d-1cc3b4a5008c</OID><TagName>Bedside 2</TagName><Address>237</Address></Group><Group><OID>280a99d1-06f1-4723-b957-06b289c078e7</OID><TagName>Bedside Lights</TagName><Address>245</Address></Group><Group><OID>2e32bd71-74be-4c18-9fd1-ef0c14ea4210</OID><TagName>Blinds 1</TagName><Address>235</Address></Group><Group><OID>d581ddea-3905-43ed-92ee-833cff8e08f5</OID><TagName>Blinds CLOSE</TagName><Address>221</Address></Group><Group><OID>ffb55547-7523-4b0c-9ad7-736d0a525b46</OID><TagName>Blinds OPEN</TagName><Address>220</Address></Group><Group><OID>66c77f2d-899c-4713-8fca-75566f87dcad</OID><TagName>Centre Light 3-in-1</TagName><Address>241</Address></Group><Group><OID>dfff521b-2d81-4081-9fb1-87a69599fb29</OID><TagName>Computer Nook Light</TagName><Address>244</Address></Group><Group><OID>19b1c9bf-d9b1-48a9-845c-6695ef2f7a6d</OID><TagName>Dining 1</TagName><Address>34</Address></Group><Group><OID>00ddaf6a-9931-4013-ade6-fe7350bba811</OID><TagName>Dining 2</TagName><Address>35</Address></Group><Group><OID>0c65b020-243f-4e58-91cb-ce58e00871cc</OID><TagName>Downlight 1</TagName><Address>226</Address></Group><Group><OID>df63b770-4565-4e9d-9e71-2a4ef5d2a167</OID><TagName>Downlight 2</TagName><Address>227</Address></Group><Group><OID>8c9ad647-2818-4661-ba21-b94db3a19d2d</OID><TagName>Example - Group 1</TagName><Address>1</Address></Group><Group><OID>6682386d-0b0b-414c-8035-fdceb59c5004</OID><TagName>Example - Group 2</TagName><Address>2</Address></Group><Group><OID>d486b90c-329e-4d53-9ee2-ca122222aa83</OID><TagName>Example - Group 3</TagName><Address>3</Address></Group><Group><OID>db9db3ae-4c2a-4830-ad38-b626610d2b26</OID><TagName>Example - Group 4</TagName><Address>4</Address></Group><Group><OID>e2773819-a1ba-4b57-adf0-e6ef199b387d</OID><TagName>Example - Group 5</TagName><Address>5</Address></Group><Group><OID>54e444ca-75fd-4397-a4bf-0948e19da837</OID><TagName>Example - Group 6</TagName><Address>6</Address></Group><Group><OID>4e30d0b1-8641-48d0-924f-b9c93d57729c</OID><TagName>Garage Fluro Lights</TagName><Address>210</Address></Group><Group><OID>7323a799-5d97-421a-b7ba-27e76d915319</OID><TagName>Garage PIR Disable</TagName><Address>253</Address></Group><Group><OID>a050a166-3455-4dea-9ccb-0b575110a7b3</OID><TagName>Heat-Light-Fan Unit</TagName><Address>240</Address></Group><Group><OID>22249c72-7081-4bab-a168-d5a36470e435</OID><TagName>Kitchen 1</TagName><Address>32</Address></Group><Group><OID>b758f03b-6153-4c55-bf47-a3734212ba38</OID><TagName>Kitchen 2</TagName><Address>33</Address></Group><Group><OID>e45d3387-125a-4f78-b260-a3313f906193</OID><TagName>Kitchen Exhaust Fan</TagName><Address>233</Address></Group><Group><OID>a4bac5e8-ed3e-4b71-bdaf-7dbf7e79452b</OID><TagName>Kitchen Lights</TagName><Address>232</Address></Group><Group><OID>59c48aa5-1040-42c6-bb52-3237eaf497f9</OID><TagName>Kitchen PIR Disable</TagName><Address>251</Address></Group><Group><OID>b3f54fe3-675e-4592-9810-17b3a16c0504</OID><TagName>Lounge</TagName><Address>36</Address></Group><Group><OID>f30a8844-94b0-4629-8d63-228d2f12ec65</OID><TagName>Lounge 1 Light</TagName><Address>250</Address></Group><Group><OID>cd2351db-e790-40ac-af3e-401bdf529693</OID><TagName>Lounge 2 Light</TagName><Address>239</Address></Group><Group><OID>5759f71c-d393-4b3d-9e05-471c27f94a5e</OID><TagName>Lounge Lights</TagName><Address>224</Address></Group><Group><OID>6a947765-7511-47e8-a616-396cf4d980f8</OID><TagName>Main Light</TagName><Address>231</Address></Group><Group><OID>a68abfec-5f48-401f-b283-b48c65695eb9</OID><TagName>Master Bed Lights</TagName><Address>234</Address></Group><Group><OID>ff376e06-1340-4be7-896a-2c124597d558</OID><TagName>Neo Switch Indicator</TagName><Address>254</Address></Group><Group><OID>d703be82-d533-47ee-bfb1-f5db895443b0</OID><TagName>Outside Light</TagName><Address>225</Address></Group><Group><OID>1c91e1d6-6b67-4adb-bb68-fdb4dd99b879</OID><TagName>PIR Disable</TagName><Address>252</Address></Group><Group><OID>f8adb833-3f07-4359-a503-dc2860e35248</OID><TagName>Porch</TagName><Address>39</Address></Group><Group><OID>19fd22a5-a1ac-4a68-87e9-92a2b61c6fda</OID><TagName>Sprinkler 1</TagName><Address>37</Address></Group><Group><OID>74b2a5d9-34a7-42a7-bd54-bd4171b71cef</OID><TagName>Sprinkler 2</TagName><Address>38</Address></Group><Group><OID>ff5c4c40-ff11-405f-b599-aae6077e46a5</OID><TagName>Stair Light</TagName><Address>246</Address></Group><Group><OID>7066d570-cfc2-4cf5-b0c8-66db83fb9843</OID><TagName>Study Light</TagName><Address>248</Address></Group><Group><OID>ee86f9b0-0937-1027-8311-a7cec7747c9a</OID><TagName>&lt;Unused&gt;</TagName><Address>255</Address></Group><Group><OID>76c14290-0956-1027-b742-c64fb45eb9e3</OID><TagName>Group 249</TagName><Address>249</Address></Group></Application><Application><OID>7d1bff0e-1a7b-4ae9-a717-05689ddea38c</OID><TagName>Telephony</TagName><Address>224</Address><Group><OID>85a56f1f-5d71-42c5-b9b9-223b88a7b837</OID><TagName>&lt;Unused&gt;</TagName><Address>255</Address></Group></Application><Unit><OID>8a058147-d1c5-43f6-8408-c7b4ad3a5021</OID><TagName>n254_u250</TagName><Address>250</Address><UnitType>PCINT4</UnitType><UnitName>PC_INT  </UnitName><SerialNumber></SerialNumber><FirmwareVersion>4.4.00</FirmwareVersion><ProgramBlock Type="memory" Start="2a" Bytes=""/><PP Name="UnitAddress" Value="0x0"/><PP Name="Application" Value="0xff 0xff"/><PP Name="Project" Value="HOME    "/><PP Name="NetworkAddress" Value="0xaa"/><PP Name="UnitName" Value="PC_INT  "/><PP Name="ConnectApplicationsMode" Value="0"/><PP Name="MonitorMMISALMode" Value="0"/><PP Name="DiagnosticTrigger" Value="0xff"/><PP Name="ClockGenEnable" Value="1"/><PP Name="Burden" Value="1"/><PP Name="ServiceType" Value="0xff"/><PP Name="HenryPassword" Value="0xff"/><PP Name="PowerUp" Value="0xff"/><PP Name="LocalSAL" Value="1"/><PP Name="SerialNo" Value="0x0 0x0 0x0 0x0"/><PP Name="CustType" Value="0xff 0xff 0xff 0xff 0xff 0xff 0xff 0xff"/><CatalogNumber></CatalogNumber></Unit></Network></Project><InstallationDetail><OID>aa8e6341-9a89-4141-be5b-de0e6abf3727</OID><SystemLocation>[unknown]</SystemLocation><HardwarePlatform>[unknown]</HardwarePlatform><Hostname>KE-FP23G</Hostname><OSName>Windows XP</OSName><OSVersion>5.1</OSVersion><HardwareLocation>[unknown]</HardwareLocation><MaintenanceEmail>[unknown]</MaintenanceEmail><Installer><OID>f22ae4d4-236a-473f-a8b0-f3e1be6c1a9e</OID><Name>[unknown]</Name></Installer></InstallationDetail></Installation>